insurance_type,annual_cost,monthly_cost
Single,2285.243745435859,190.43697878632162
Employee-plus-one,5155.7494387796505,429.64578656497093
Family,8729.930543910423,727.4942119925354
