insurance_type,annual_cost,monthly_cost
Single,2243.8156,186.98463333333333
Employee-plus-one,5062.283200000001,421.85693333333336
Family,8571.669600000001,714.3058000000001
